;Method;Modularity
0;class;0.5627319935049364
1;fast_greedy;0.577925564662388
2;edge_betweenness;0.5835154569621168
