;Method;Modularity
0;fast_greedy;0.3806706114398406
1;edge_betweenness;0.4172419460880994
2;louvain;0.4155982905982902
3;optimal;0.41978961209730375
4;label_prop;0.3714661406969083
