;Method;Modularity
0;class;0.6085958581900757
1;fast_greedy;0.7906504275183279
2;edge_betweenness;0.8011858851748896
