;Method;Modularity
0;class;0.5627968271783093
1;fast_greedy;0.5768339644076063
2;edge_betweenness;0.5831369464861061
